<?xml version="1.0" encoding="UTF-8"?><!DOCTYPE config SYSTEM "custom-config.dtd"><config><element type="job" subType="VDP" draft="false"/><default-parameters><simple-param name="name"><value>csv_export_bv_student_details</value></simple-param><simple-param name="dataSource"><value>VDP</value></simple-param><simple-param name="parameterizedQuery"><value>SELECT student_id, first_name, last_name, phone, email, street, city, state, zip_code\nFROM mock.bv_students</value></simple-param><simple-param name="sourcesNotChange"><value>true</value></simple-param><simple-param name="exportAsTransaction"><value>false</value></simple-param><compound-param name="processor"><value><compound-param name="exporter"><value><simple-param name="fileName"><value>${default.job.VDP.csv_export_bv_student_details.fileName}</value></simple-param><simple-param name="encoding"><value>UTF-8</value></simple-param><simple-param name="overwriteFile"><value>false</value></simple-param><simple-param name="appendFile"><value>false</value></simple-param><simple-param name="allowEmptyFile"><value>false</value></simple-param><simple-param name="exportInternalFields"><value>false</value></simple-param><simple-param name="filter"><value>NONE</value></simple-param><simple-param name="encryptionPassword" encrypted="true"><value>${default.job.VDP.csv_export_bv_student_details.encryptionPassword}</value></simple-param><simple-param name="separator"><value>,</value></simple-param><simple-param name="includeHeader"><value>false</value></simple-param><simple-param name="quoteAllFields"><value>false</value></simple-param><simple-param name="quoteFieldsOption"><value>WHEN_REQUIRED</value></simple-param><simple-param name="type"><value>CSV</value></simple-param></value></compound-param></value></compound-param><compound-param name="reportConfig"><value><simple-param name="maxIndividualReports"><value>100</value></simple-param><simple-param name="reportOnlyErrors"><value>true</value></simple-param></value></compound-param></default-parameters></config>