<?xml version="1.0" encoding="UTF-8"?><!DOCTYPE config SYSTEM "custom-config.dtd"><config><element type="job" subType="VDPCache" draft="false"/><default-parameters><simple-param name="name"><value>fer</value></simple-param><simple-param name="dataSource"><value>VDP</value></simple-param><compound-param name="loadProcess"><value><simple-param name="parameterizedQuery"><value>select * from sug.p_bv_p_bv_csv4 where modified =1</value></simple-param><simple-param name="sourcesNotChange"><value>true</value></simple-param><simple-param name="viewName"><value>sug.p_bv_p_bv_csv4</value></simple-param><simple-param name="loadProcessName"><value>sug.p_bv_csv4</value></simple-param><simple-param name="cacheInvalidationMode"><value>MATCHING_PK</value></simple-param><simple-param name="cacheAtomicOperation"><value>true</value></simple-param><simple-param name="cacheLoadOnError"><value>false</value></simple-param></value></compound-param><compound-param name="reportConfig"><value><simple-param name="maxIndividualReports"><value>100</value></simple-param><simple-param name="reportOnlyErrors"><value>true</value></simple-param></value></compound-param></default-parameters></config>