<?xml version="1.0" encoding="UTF-8"?><!DOCTYPE config SYSTEM "custom-config.dtd"><config><element type="job" subType="VDPIndexer" draft="false"/><default-parameters><simple-param name="name"><value>index_bv_students</value></simple-param><simple-param name="dataSource"><value>VDP</value></simple-param><compound-param name="viewIndexingProcess"><value><simple-param name="sourcesNotChange"><value>true</value></simple-param><simple-param name="viewIndexingProcessName"><value>mock.bv_students</value></simple-param><simple-param name="viewName"><value>mock.bv_students</value></simple-param><simple-param name="indexOnlyTextAndPKFields"><value>true</value></simple-param><simple-param name="enableIncrementalIndexing"><value>false</value></simple-param><simple-param name="orderByExpression"><value>student_id ASC</value></simple-param></value></compound-param><simple-param name="maxNumResultsPerView"><value>10000</value></simple-param><simple-param name="indexOnlyTextAndPKFields"><value>true</value></simple-param><simple-param name="exportAsTransaction"><value>false</value></simple-param><compound-param name="processor"><value><compound-param name="exporter"><value><simple-param name="dataSource"><value>Elastic</value></simple-param><simple-param name="index"><value>${default.job.VDPIndexer.index_bv_students.index}</value></simple-param><simple-param name="clearIndex"><value>true</value></simple-param><compound-param name="indexConfig"><value><simple-param name="replicas"><value>0</value></simple-param><simple-param name="analyzer"><value>standard</value></simple-param></value></compound-param><simple-param name="bulkProcessorDocumentChunkSize"><value>10000</value></simple-param><simple-param name="bulkProcessorChunkSizeMB"><value>50</value></simple-param><simple-param name="bulkProcessorFlushInterval"><value>60</value></simple-param><simple-param name="bulkProcessorConcurrencyLevel"><value>5</value></simple-param><simple-param name="recreateIndex"><value>true</value></simple-param><simple-param name="type"><value>Elasticsearch</value></simple-param></value></compound-param></value></compound-param><compound-param name="reportConfig"><value><simple-param name="maxIndividualReports"><value>100</value></simple-param><simple-param name="reportOnlyErrors"><value>true</value></simple-param></value></compound-param></default-parameters></config>