<?xml version="1.0" encoding="UTF-8"?><!DOCTYPE config SYSTEM "custom-config.dtd"><config><element type="job" subType="VDPIndexer" draft="false"/><default-parameters><simple-param name="name"><value>new_index_bv_students</value></simple-param><simple-param name="dataSource"><value>VDP</value></simple-param><compound-param name="viewIndexingProcess"><value><simple-param name="sourcesNotChange"><value>true</value></simple-param><simple-param name="viewIndexingProcessName"><value>sug.bv_student_details_copy</value></simple-param><simple-param name="viewName"><value>sug.bv_student_details</value></simple-param><simple-param name="indexOnlyTextAndPKFields"><value>false</value></simple-param><simple-param name="enableIncrementalIndexing"><value>false</value></simple-param><simple-param name="orderByExpression"><value></value></simple-param></value></compound-param><simple-param name="maxNumResultsPerView"><value>10000</value></simple-param><simple-param name="indexOnlyTextAndPKFields"><value>true</value></simple-param><simple-param name="exportAsTransaction"><value>false</value></simple-param><compound-param name="processor"><value><compound-param name="exporter"><value><simple-param name="dataSource"><value>Scheduler-Index</value></simple-param><simple-param name="index"><value>${default.job.VDPIndexer.new_index_bv_students.index}</value></simple-param><simple-param name="clearIndex"><value>false</value></simple-param><simple-param name="type"><value>ARN-Index</value></simple-param></value></compound-param></value></compound-param><compound-param name="reportConfig"><value><simple-param name="maxIndividualReports"><value>100</value></simple-param><simple-param name="reportOnlyErrors"><value>true</value></simple-param></value></compound-param></default-parameters></config>