<?xml version="1.0" encoding="UTF-8"?><!DOCTYPE config SYSTEM "custom-config.dtd"><config><element type="dataSource" subType="ElasticsearchRest" draft="false"/><default-parameters><simple-param name="name"><value>Elastic</value></simple-param><simple-param name="login"><value>${default.dataSource.ElasticsearchRest.Elastic.login}</value></simple-param><simple-param name="password" encrypted="${default.dataSource.ElasticsearchRest.Elastic.password.ENCRYPTED}"><value>${default.dataSource.ElasticsearchRest.Elastic.password}</value></simple-param><simple-param name="host"><value>${default.dataSource.ElasticsearchRest.Elastic.host}</value></simple-param><simple-param name="port"><value>${default.dataSource.ElasticsearchRest.Elastic.port}</value></simple-param><simple-param name="secure"><value>false</value></simple-param></default-parameters></config>