<?xml version="1.0" encoding="UTF-8"?><!DOCTYPE config SYSTEM "custom-config.dtd"><config><element type="job" subType="VDP" draft="true"/><default-parameters><simple-param name="name"><value>0250 GSAM Transaction export_copy</value></simple-param><simple-param name="dataSource"><value>-2</value></simple-param><simple-param name="parameterizedQuery"><value>SELECT * FROM wholesale.export_transaction</value></simple-param><simple-param name="sourcesNotChange"><value>true</value></simple-param><simple-param name="exportAsTransaction"><value>false</value></simple-param><compound-param name="processor"><value><compound-param name="exporter"><value><simple-param name="fileName"><value>${Wholesale.job.VDP.0250 GSAM Transaction export_copy.fileName}</value></simple-param><simple-param name="encoding"><value>UTF-8</value></simple-param><simple-param name="overwriteFile"><value>true</value></simple-param><simple-param name="appendFile"><value>false</value></simple-param><simple-param name="allowEmptyFile"><value>false</value></simple-param><simple-param name="exportInternalFields"><value>false</value></simple-param><simple-param name="exportOnlyMappings"><value>true</value></simple-param><compound-param name="mappings"><value><simple-param name="tableColumn"><value>output</value></simple-param><simple-param name="documentField"><value>semi_colon_separated_text</value></simple-param></value></compound-param><simple-param name="filter"><value>NONE</value></simple-param><simple-param name="encryptionPassword" encrypted="true"><value>${Wholesale.job.VDP.0250 GSAM Transaction export_copy.encryptionPassword}</value></simple-param><simple-param name="separator"><value>~</value></simple-param><simple-param name="includeHeader"><value>false</value></simple-param><simple-param name="quoteAllFields"><value>false</value></simple-param><simple-param name="type"><value>CSV</value></simple-param></value></compound-param></value></compound-param><compound-param name="handler"><value><simple-param name="type"><value>retry</value></simple-param><simple-param name="retry"><value>ONLY_QUERY_ERRORS</value></simple-param><simple-param name="repeat"><value>CONFIGURED_COUNT</value></simple-param><simple-param name="count"><value>3</value></simple-param><simple-param name="restart"><value>CONFIGURED_TIMEOUT</value></simple-param><simple-param name="timeout"><value>30000</value></simple-param></value></compound-param><compound-param name="trigger"><value><simple-param name="type"><value>cron</value></simple-param><simple-param name="cronExpression"><value>0 00 3 ? * 2-6</value></simple-param><compound-param name="dependency"><value><simple-param name="jobId"><value>-2</value></simple-param><simple-param name="executeAnyway"><value>false</value></simple-param></value></compound-param></value></compound-param><compound-param name="reportConfig"><value><simple-param name="maxIndividualReports"><value>500</value></simple-param><simple-param name="reportOnlyErrors"><value>true</value></simple-param></value></compound-param></default-parameters></config>