<?xml version="1.0" encoding="UTF-8"?><!DOCTYPE config SYSTEM "custom-config.dtd"><config><element type="job" subType="VDP" draft="false"/><default-parameters><simple-param name="name"><value>0250 GSAM Transaction export_copy_copy</value></simple-param><simple-param name="dataSource"><value>default.VDP</value></simple-param><simple-param name="parameterizedQuery"><value>SELECT * FROM test.i_bv_student_details_copy1</value></simple-param><simple-param name="sourcesNotChange"><value>true</value></simple-param><simple-param name="exportAsTransaction"><value>false</value></simple-param><compound-param name="processor"><value><compound-param name="exporter"><value><simple-param name="fileName"><value>${Wholesale.job.VDP.0250 GSAM Transaction export_copy_copy.fileName}</value></simple-param><simple-param name="encoding"><value>UTF-8</value></simple-param><simple-param name="overwriteFile"><value>false</value></simple-param><simple-param name="appendFile"><value>false</value></simple-param><simple-param name="allowEmptyFile"><value>false</value></simple-param><simple-param name="exportInternalFields"><value>false</value></simple-param><simple-param name="exportOnlyMappings"><value>false</value></simple-param><compound-param name="mappings"><value><simple-param name="tableColumn"><value>output</value></simple-param><simple-param name="documentField"><value>semi_colon_separated_text</value></simple-param></value></compound-param><simple-param name="filter"><value>NONE</value></simple-param><simple-param name="encryptionPassword" encrypted="true"><value>${Wholesale.job.VDP.0250 GSAM Transaction export_copy_copy.encryptionPassword}</value></simple-param><simple-param name="separator"><value>~</value></simple-param><simple-param name="includeHeader"><value>false</value></simple-param><simple-param name="quoteAllFields"><value>false</value></simple-param><simple-param name="quoteFieldsOption"><value>WHEN_REQUIRED</value></simple-param><simple-param name="type"><value>CSV</value></simple-param></value></compound-param></value></compound-param><compound-param name="reportConfig"><value><simple-param name="maxIndividualReports"><value>500</value></simple-param><simple-param name="reportOnlyErrors"><value>false</value></simple-param></value></compound-param></default-parameters></config>